Timestamp,Screen_Brightness,Screen_On,RSRP_dBm,Network_Type,WiFi_RSSI,CPU_Freq_Avg_MHz,CPU_Total%,CPU_User%,CPU_Idle%,Load1min,Load5min,Load15min,Wakelock_Count,Temperature_C
2026-01-30 20:50:55,42.4,1,N/A,Wi-Fi,-28,1363.2,20,9.5,80,15.98,12.36,9.96,2,44.8
2026-01-30 20:53:58,42.4,1,N/A,Wi-Fi,-29,1440,39,20,61,14.29,13.15,10.71,2,42.7
2026-01-30 20:57:01,42.4,1,N/A,Wi-Fi,-27,1284,39,19,61,14.37,13.57,11.30,2,39.3
2026-01-30 21:00:05,42.4,1,N/A,Wi-Fi,-29,1312.8,37,18,63,14.28,13.93,11.85,2,39.6
2026-01-30 21:03:09,42.4,1,N/A,Wi-Fi,-29,892.8,33,15,67,14.05,13.84,12.19,2,38.3
2026-01-30 21:06:12,42.4,1,N/A,Wi-Fi,-28,1077.6,33,15,67,13.10,13.29,12.26,2,38.2
2026-01-30 21:09:16,42.4,1,N/A,Wi-Fi,-29,895.2,34,16,66,13.38,13.42,12.50,2,39.2
2026-01-30 21:12:19,42.4,1,N/A,Wi-Fi,-27,1365.6,33,15,67,12.49,13.14,12.57,1,38.7
2026-01-30 21:15:23,42.4,1,N/A,Wi-Fi,-28,796.8,33,15,67,13.93,13.38,12.75,1,38.9
2026-01-30 21:18:27,42.4,1,N/A,Wi-Fi,-27,938.4,32,15,68,13.03,13.23,12.81,1,38.7
2026-01-30 21:21:31,42.4,1,N/A,Wi-Fi,-29,943.2,32,15,68,13.29,13.29,12.92,1,38.6
2026-01-30 21:24:35,42.4,1,N/A,Wi-Fi,-26,984,33,16,67,13.05,13.06,12.89,2,39
2026-01-30 21:27:39,42.4,1,N/A,Wi-Fi,-27,1044,33,15,67,13.01,13.28,13.03,1,39.5
2026-01-30 21:30:44,42.4,1,N/A,Wi-Fi,-29,787.2,34,15,66,13.04,13.10,13.00,1,39.9
2026-01-30 21:33:48,42.4,1,N/A,Wi-Fi,-28,787.2,32,15,68,13.05,13.18,13.06,1,40.4
2026-01-30 21:36:52,42.4,1,N/A,Wi-Fi,-28,844.8,32,15,68,13.23,13.00,13.00,1,40.3
2026-01-30 21:38:36,42.4,1,N/A,Wi-Fi,-28,984,33,16,67,12.68,12.89,12.96,1,40.5
2026-01-30 21:38:48,42.4,1,N/A,Wi-Fi,-29,1010.4,33,16,67,12.32,12.80,12.93,1,40.6
2026-01-30 21:39:01,42.4,1,N/A,Wi-Fi,-28,818.4,33,16,67,13.10,12.95,12.98,1,40.6
2026-01-30 21:39:14,42.4,1,N/A,Wi-Fi,-28,928.8,33,16,67,12.98,12.94,12.97,1,40.5
2026-01-30 21:39:27,42.4,1,N/A,Wi-Fi,-27,840,33,16,67,12.82,12.91,12.96,1,40.6
2026-01-30 21:39:39,42.4,1,N/A,Wi-Fi,-27,892.8,33,16,67,12.76,12.89,12.96,1,40.7
2026-01-30 21:39:52,42.4,1,N/A,Wi-Fi,-28,900,33,16,67,12.95,12.93,12.97,1,40.7
2026-01-30 21:39:56,42.4,1,N/A,Wi-Fi,-27,988.8,33,16,67,13.12,12.97,12.98,1,40.7
2026-01-30 21:40:08,42.4,1,N/A,Wi-Fi,-29,904.8,33,16,67,13.50,13.05,13.01,1,40.8
2026-01-30 21:40:20,42.4,1,N/A,Wi-Fi,-29,820.8,33,16,67,13.99,13.18,13.05,1,40.6
2026-01-30 21:40:33,42.4,1,N/A,Wi-Fi,-28,837.6,33,16,67,13.59,13.12,13.04,1,40.6
2026-01-30 21:40:45,42.4,1,N/A,Wi-Fi,-28,880.8,33,16,67,13.18,13.05,13.01,1,40.5
2026-01-30 21:40:58,42.4,1,N/A,Wi-Fi,-28,888,33,16,67,13.15,13.05,13.01,1,40.6
2026-01-30 21:41:10,42.4,1,N/A,Wi-Fi,-26,914.4,33,16,67,13.65,13.16,13.05,1,40.5
2026-01-30 21:41:23,42.4,1,N/A,Wi-Fi,-28,820.8,33,16,67,13.39,13.12,13.04,1,40.5
2026-01-30 21:41:35,42.4,1,N/A,Wi-Fi,-28,1279.2,33,16,67,13.65,13.20,13.06,2,40.5
2026-01-30 21:41:48,42.4,1,N/A,Wi-Fi,-29,936,33,16,67,13.32,13.14,13.05,2,41.1
2026-01-30 21:42:00,42.4,1,N/A,Wi-Fi,-28,832.8,33,16,67,13.03,13.09,13.03,2,41.1
2026-01-30 21:42:13,42.4,1,N/A,Wi-Fi,-28,928.8,33,16,67,12.64,13.00,13.00,2,40.9
2026-01-30 21:42:26,42.4,1,N/A,Wi-Fi,-28,914.4,33,16,67,12.69,13.00,13.00,2,40.7
2026-01-30 21:42:39,42.4,1,N/A,Wi-Fi,-27,864,34,15,66,12.55,12.95,12.99,2,40.6
2026-01-30 21:42:51,42.4,1,N/A,Wi-Fi,-27,727.2,37,16,63,12.23,12.87,12.96,2,40.9
2026-01-30 21:42:59,42.4,1,N/A,Wi-Fi,-29,741.6,37,16,63,12.28,12.86,12.95,2,40.9
2026-01-30 21:43:04,42.4,1,N/A,Wi-Fi,-29,945.6,37,16,63,12.58,12.91,12.97,2,40.9
2026-01-30 21:43:17,42.4,1,N/A,Wi-Fi,-28,1048.8,37,16,63,12.87,12.96,12.99,1,41.2
2026-01-30 21:43:29,42.4,1,N/A,Wi-Fi,-27,883.2,37,16,63,13.17,13.03,13.01,1,41
2026-01-30 21:43:43,42.4,1,N/A,Wi-Fi,-28,873.6,37,16,63,12.76,12.95,12.98,1,40.8
2026-01-30 21:43:56,42.4,1,N/A,Wi-Fi,-27,988.8,37,16,63,12.42,12.86,12.95,1,41
2026-01-30 21:44:09,42.4,1,N/A,Wi-Fi,-27,916.8,37,16,63,12.48,12.86,12.95,1,41
2026-01-30 21:44:21,42.4,1,N/A,Wi-Fi,-28,835.2,37,16,63,12.50,12.84,12.95,1,40.9
2026-01-30 21:44:34,42.4,1,N/A,Wi-Fi,-27,866.4,37,16,63,13.47,13.05,13.01,2,40.9
2026-01-30 21:44:40,42.4,1,N/A,Wi-Fi,-27,897.6,37,16,63,13.35,13.03,13.00,1,40.9
2026-01-30 21:44:47,42.4,1,N/A,Wi-Fi,-29,945.6,37,16,63,13.08,12.98,12.99,1,41
2026-01-30 21:44:52,42.4,1,N/A,Wi-Fi,-28,950.4,37,16,63,12.92,12.95,12.98,1,40.9
2026-01-30 21:45:00,42.4,1,N/A,Wi-Fi,-27,861.6,37,16,63,13.73,13.11,13.03,1,40.9
2026-01-30 21:45:05,42.4,1,N/A,Wi-Fi,-29,866.4,37,16,63,13.67,13.11,13.03,1,40.9
2026-01-30 21:45:12,42.4,1,N/A,Wi-Fi,-28,948,37,16,63,13.38,13.06,13.02,1,41
2026-01-30 21:45:17,42.4,1,N/A,Wi-Fi,-28,984,37,16,63,13.19,13.03,13.00,1,40.9
2026-01-30 21:45:25,42.4,1,N/A,Wi-Fi,-29,902.4,37,16,63,13.94,13.19,13.06,1,40.9
2026-01-30 21:45:30,42.4,1,N/A,Wi-Fi,-27,1000.8,37,16,63,13.94,13.20,13.06,1,41
2026-01-30 21:45:37,42.4,1,N/A,Wi-Fi,-29,1015.2,37,16,63,14.03,13.23,13.07,1,41
2026-01-30 21:45:43,42.4,1,N/A,Wi-Fi,-28,897.6,37,16,63,13.87,13.21,13.07,1,41
2026-01-30 21:45:51,42.4,1,N/A,Wi-Fi,-27,933.6,37,16,63,14.04,13.27,13.09,1,40.9
2026-01-30 21:46:03,42.4,1,N/A,Wi-Fi,-27,1012.8,37,16,63,13.49,13.18,13.06,1,40.8
2026-01-30 21:46:03,42.4,1,N/A,Wi-Fi,-30,1125.6,37,16,63,13.49,13.18,13.06,1,40.8
2026-01-30 21:46:03,42.4,1,N/A,Wi-Fi,-27,1171.2,37,16,63,13.49,13.18,13.06,1,40.8
2026-01-30 21:46:15,42.4,1,N/A,Wi-Fi,-28,936,37,16,63,13.40,13.17,13.06,1,41
2026-01-30 21:46:16,42.4,1,N/A,Wi-Fi,-28,940.8,37,16,63,13.40,13.17,13.06,1,40.9
2026-01-30 21:46:28,42.4,1,N/A,Wi-Fi,-29,969.6,37,16,63,13.66,13.23,13.08,1,41
2026-01-30 21:46:30,42.4,1,N/A,Wi-Fi,-29,955.2,37,16,63,13.37,13.18,13.06,1,41
2026-01-30 21:46:41,42.4,1,N/A,Wi-Fi,-28,1394.4,37,16,63,13.16,13.14,13.05,1,41
2026-01-30 21:46:42,42.4,1,N/A,Wi-Fi,-26,861.6,37,16,63,13.16,13.14,13.05,1,40.9
2026-01-30 21:46:54,42.4,1,N/A,Wi-Fi,-28,1173.6,37,16,63,12.97,13.10,13.04,1,40.9
2026-01-30 21:46:55,42.4,1,N/A,Wi-Fi,-27,895.2,37,16,63,12.97,13.10,13.04,1,40.9
2026-01-30 21:47:07,42.4,1,N/A,Wi-Fi,-29,883.2,37,16,63,12.66,13.03,13.02,1,41
2026-01-30 21:47:08,42.4,1,N/A,Wi-Fi,-29,792,37,16,63,12.66,13.03,13.02,1,41
2026-01-30 21:47:20,42.4,1,N/A,Wi-Fi,-29,1008,35,15,65,12.64,13.01,13.01,1,41.1
2026-01-30 21:47:21,42.4,1,N/A,Wi-Fi,-27,909.6,35,15,65,12.64,13.01,13.01,1,41.1
2026-01-30 21:47:33,42.4,1,N/A,Wi-Fi,-27,1000.8,35,15,65,13.00,13.08,13.03,1,41
2026-01-30 21:47:33,42.4,1,N/A,Wi-Fi,-30,1135.2,35,15,65,13.00,13.08,13.03,1,41
2026-01-30 21:47:46,42.4,1,N/A,Wi-Fi,-27,904.8,35,16,65,12.77,13.02,13.02,1,41
2026-01-30 21:47:55,42.4,1,N/A,Wi-Fi,-29,912,35,16,65,12.74,13.01,13.01,1,41
2026-01-30 21:47:58,42.4,1,N/A,Wi-Fi,-27,897.6,35,16,65,12.74,13.01,13.01,1,41.1
2026-01-30 21:48:11,42.4,1,N/A,Wi-Fi,-27,902.4,35,16,65,12.63,12.97,13.00,1,40.9
2026-01-30 21:48:23,42.4,1,N/A,Wi-Fi,-28,880.8,35,16,65,12.45,12.92,12.98,1,41.2
2026-01-30 21:48:36,42.4,1,N/A,Wi-Fi,-29,844.8,35,16,65,12.60,12.94,12.99,1,41.1
2026-01-30 21:48:48,42.4,1,N/A,Wi-Fi,-29,892.8,35,16,65,12.73,12.96,12.99,1,41
2026-01-30 21:49:01,42.4,1,N/A,Wi-Fi,-28,837.6,35,16,65,12.94,12.99,13.01,1,41.2
2026-01-30 21:49:07,42.4,1,N/A,Wi-Fi,-28,801.6,35,16,65,12.70,12.94,12.99,1,41.2
2026-01-30 21:49:14,42.4,1,N/A,Wi-Fi,-29,902.4,35,16,65,12.56,12.91,12.98,1,41.1
2026-01-30 21:49:27,42.4,1,N/A,Wi-Fi,-29,984,35,16,65,12.50,12.88,12.97,1,41.6
2026-01-30 21:49:39,42.4,1,N/A,Wi-Fi,-28,904.8,35,16,65,12.46,12.85,12.96,1,41.4
2026-01-30 21:49:52,42.4,1,N/A,Wi-Fi,-27,1408.8,35,16,65,12.31,12.81,12.94,1,41.5
2026-01-30 21:50:05,42.4,1,N/A,Wi-Fi,-27,1226.4,35,16,65,12.07,12.74,12.92,1,41.5
2026-01-30 21:50:17,42.4,1,N/A,Wi-Fi,-29,904.8,35,16,65,12.38,12.78,12.93,1,41.5
2026-01-30 21:50:30,42.4,1,N/A,Wi-Fi,-28,1344,35,16,65,12.23,12.72,12.91,1,41.5
2026-01-30 21:50:42,42.4,1,N/A,Wi-Fi,-28,1233.6,35,16,65,12.50,12.77,12.92,1,41.6
2026-01-30 21:50:55,42.4,1,N/A,Wi-Fi,-27,1149.6,35,16,65,12.40,12.73,12.90,1,41.6
2026-01-30 21:50:59,42.4,1,N/A,Wi-Fi,-27,1130.4,35,16,65,13.09,12.87,12.95,1,41.7
2026-01-30 21:51:08,42.4,1,N/A,Wi-Fi,-27,1180.8,35,16,65,12.92,12.83,12.94,1,41.7
2026-01-30 21:51:21,42.4,1,N/A,Wi-Fi,-29,1101.6,35,16,65,12.49,12.74,12.90,1,41.7
2026-01-30 21:51:34,42.4,1,N/A,Wi-Fi,-27,1178.4,35,16,65,12.58,12.75,12.91,1,41.7
2026-01-30 21:51:46,42.4,1,N/A,Wi-Fi,-28,1087.2,35,16,65,12.52,12.73,12.90,1,41.7
2026-01-30 21:51:59,42.4,1,N/A,Wi-Fi,-28,1075.2,33,16,67,12.96,12.82,12.93,2,41.8
2026-01-30 21:52:11,42.4,1,N/A,Wi-Fi,-28,1442.4,33,16,67,13.15,12.87,12.94,1,41.9
2026-01-30 21:52:11,42.4,1,N/A,Wi-Fi,-28,1176,33,16,67,13.15,12.87,12.94,1,41.9
2026-01-30 21:52:25,42.4,1,N/A,Wi-Fi,-28,1070.4,33,16,67,13.49,12.97,12.97,1,41.8
2026-01-30 21:52:38,42.4,1,N/A,Wi-Fi,-29,1185.6,33,16,67,13.78,13.05,13.00,1,41.8
2026-01-30 21:52:51,42.4,1,N/A,Wi-Fi,-28,1212,33,16,67,13.82,13.10,13.01,1,41.8
2026-01-30 21:53:04,42.4,1,N/A,Wi-Fi,-28,1070.4,33,16,67,13.47,13.04,13.00,1,41.9
2026-01-30 21:53:16,42.4,1,N/A,Wi-Fi,-28,1365.6,33,16,67,13.17,13.01,12.98,1,41.9
2026-01-30 21:53:29,42.4,1,N/A,Wi-Fi,-29,1305.6,33,16,67,13.16,13.01,12.99,1,41.9
2026-01-30 21:53:41,42.4,1,N/A,Wi-Fi,-28,1380,33,16,67,13.76,13.14,13.03,1,41.8
2026-01-30 21:53:54,42.4,1,N/A,Wi-Fi,-29,1389.6,33,16,67,13.85,13.18,13.04,1,41.8
2026-01-30 21:54:03,42.4,1,N/A,Wi-Fi,-27,1408.8,33,16,67,14.21,13.28,13.08,1,42.2
2026-01-30 21:54:06,42.4,1,N/A,Wi-Fi,-28,1092,33,16,67,13.95,13.24,13.07,1,42.7
2026-01-30 21:54:18,42.4,1,N/A,Wi-Fi,-29,1449.6,33,16,67,13.74,13.21,13.06,2,42.3
2026-01-30 21:54:31,42.4,1,N/A,Wi-Fi,-28,1034.4,33,16,67,13.52,13.19,13.05,1,42.3
2026-01-30 21:54:43,42.4,1,N/A,Wi-Fi,-27,1068,33,16,67,13.87,13.28,13.08,1,42
2026-01-30 21:54:56,42.4,1,N/A,Wi-Fi,-28,1264.8,33,16,67,13.24,13.17,13.05,1,42
2026-01-30 21:55:09,42.4,1,N/A,Wi-Fi,-27,1108.8,33,16,67,12.82,13.08,13.02,2,42
2026-01-30 21:55:16,42.4,1,N/A,Wi-Fi,-29,1058.4,33,16,67,13.30,13.18,13.06,1,42.1
2026-01-30 21:55:21,42.4,1,N/A,Wi-Fi,-29,1267.2,33,16,67,13.28,13.17,13.06,1,42.2
2026-01-30 21:55:33,42.4,1,N/A,Wi-Fi,-29,1180.8,33,16,67,13.39,13.20,13.07,1,42
2026-01-30 21:55:46,42.4,1,N/A,Wi-Fi,-28,1005.6,33,16,67,13.32,13.19,13.06,1,42
2026-01-30 21:55:58,42.4,1,N/A,Wi-Fi,-29,1382.4,33,16,67,13.18,13.17,13.06,1,42
2026-01-30 21:56:11,42.4,1,N/A,Wi-Fi,-28,1192.8,33,16,67,13.21,13.18,13.06,1,42
2026-01-30 21:56:23,42.4,1,N/A,Wi-Fi,-28,1075.2,33,16,67,13.39,13.22,13.08,1,42
2026-01-30 21:56:36,42.4,1,N/A,Wi-Fi,-29,1243.2,33,16,67,14.12,13.39,13.14,1,42
2026-01-30 21:56:48,42.4,1,N/A,Wi-Fi,-30,1257.6,33,16,67,13.80,13.34,13.12,1,42
2026-01-30 21:57:01,42.4,1,N/A,Wi-Fi,-29,1195.2,33,16,67,13.30,13.26,13.10,1,42.1
2026-01-30 21:57:06,42.4,1,N/A,Wi-Fi,-28,1195.2,33,16,67,13.20,13.24,13.09,1,42.1
2026-01-30 21:57:14,42.4,1,N/A,Wi-Fi,-29,1262.4,33,16,67,13.58,13.32,13.12,1,42.2
2026-01-30 21:57:28,42.4,1,N/A,Wi-Fi,-27,1070.4,33,16,67,13.00,13.20,13.08,1,42.1
2026-01-30 21:57:40,42.4,1,N/A,Wi-Fi,-26,945.6,33,16,67,12.90,13.17,13.08,1,42.1
2026-01-30 21:57:53,42.4,1,N/A,Wi-Fi,-28,993.6,33,15,67,12.84,13.15,13.07,1,42.1
2026-01-30 21:58:05,42.4,1,N/A,Wi-Fi,-27,1305.6,33,15,67,12.83,13.13,13.07,1,42.1
2026-01-30 21:58:18,42.4,1,N/A,Wi-Fi,-27,1224,33,15,67,12.98,13.16,13.08,1,42.2
2026-01-30 21:58:19,42.4,1,N/A,Wi-Fi,-29,1298.4,33,15,67,13.06,13.17,13.08,1,42.2
2026-01-30 21:58:31,42.4,1,N/A,Wi-Fi,-27,1178.4,33,15,67,13.52,13.26,13.11,1,42.3
2026-01-30 21:58:44,42.4,1,N/A,Wi-Fi,-28,1111.2,33,15,67,13.59,13.29,13.12,1,42.1
2026-01-30 21:58:57,42.4,1,N/A,Wi-Fi,-27,878.4,33,15,67,13.74,13.33,13.14,1,42.2
2026-01-30 21:59:10,42.4,1,N/A,Wi-Fi,-29,897.6,33,15,67,13.26,13.24,13.11,1,42.1
2026-01-30 21:59:23,42.4,1,N/A,Wi-Fi,-28,907.2,33,15,67,12.92,13.17,13.09,1,42.1
2026-01-30 21:59:35,42.4,1,N/A,Wi-Fi,-28,1092,33,15,67,12.71,13.11,13.07,1,42.1
2026-01-30 21:59:48,42.4,1,N/A,Wi-Fi,-27,1332,33,15,67,13.32,13.22,13.11,1,42.2
2026-01-30 22:00:00,42.4,1,N/A,Wi-Fi,-28,1368,33,15,67,13.04,13.16,13.09,1,42.2
2026-01-30 22:00:10,42.4,1,N/A,Wi-Fi,-29,892.8,33,15,67,12.97,13.14,13.08,1,42.2
2026-01-30 22:00:14,42.4,1,N/A,Wi-Fi,-29,1224,33,15,67,12.97,13.14,13.08,1,42.2
2026-01-30 22:00:27,42.4,1,N/A,Wi-Fi,-29,1161.6,33,15,67,13.41,13.23,13.11,1,42.5
2026-01-30 22:00:40,42.4,1,N/A,Wi-Fi,-27,1375.2,33,15,67,13.40,13.24,13.12,1,42.2
2026-01-30 22:00:52,42.4,1,N/A,Wi-Fi,-29,1180.8,33,15,67,13.19,13.20,13.10,1,42.2
2026-01-30 22:01:05,42.4,1,N/A,Wi-Fi,-29,1140,33,15,67,13.22,13.20,13.11,1,42.2
2026-01-30 22:01:18,42.4,1,N/A,Wi-Fi,-29,1228.8,33,15,67,12.88,13.13,13.08,1,42.2
2026-01-30 22:01:23,42.4,1,N/A,Wi-Fi,-28,1320,33,15,67,13.13,13.18,13.10,1,42.2
2026-01-30 22:01:32,42.4,1,N/A,Wi-Fi,-27,1279.2,32,15,68,13.18,13.19,13.10,1,42.3
2026-01-30 22:01:45,42.4,1,N/A,Wi-Fi,-27,1168.8,32,15,68,13.12,13.18,13.10,1,42.4
2026-01-30 22:01:58,42.4,1,N/A,Wi-Fi,-29,984,32,15,68,13.57,13.27,13.13,2,42.3
2026-01-30 22:02:10,42.4,1,N/A,Wi-Fi,-26,1099.2,32,15,68,13.49,13.27,13.14,1,42.4
2026-01-30 22:02:23,42.4,1,N/A,Wi-Fi,-29,981.6,32,15,68,13.47,13.28,13.14,1,42.3
2026-01-30 22:02:35,42.4,1,N/A,Wi-Fi,-28,1065.6,32,15,68,13.87,13.38,13.17,1,42.3
2026-01-30 22:02:48,42.4,1,N/A,Wi-Fi,-28,1130.4,32,16,68,13.66,13.35,13.17,1,42.2
2026-01-30 22:03:00,42.4,1,N/A,Wi-Fi,-27,952.8,32,16,68,13.99,13.43,13.20,1,42.2
2026-01-30 22:03:13,42.4,1,N/A,Wi-Fi,-30,1156.8,32,16,68,13.60,13.37,13.18,1,42.5
2026-01-30 22:03:14,42.4,1,N/A,Wi-Fi,-29,991.2,32,16,68,13.60,13.37,13.18,1,42.5
2026-01-30 22:03:26,42.4,1,N/A,Wi-Fi,-28,1137.6,32,16,68,13.37,13.33,13.17,1,43.3
2026-01-30 22:03:38,42.4,1,N/A,Wi-Fi,-27,993.6,32,16,68,13.31,13.32,13.17,1,43.5
2026-01-30 22:03:51,42.4,1,N/A,Wi-Fi,-28,1226.4,32,16,68,13.66,13.40,13.20,0,44
2026-01-30 22:04:03,42.4,1,N/A,Wi-Fi,-27,1360.8,32,16,68,13.02,13.27,13.16,1,44.3
2026-01-30 22:04:15,42.4,1,N/A,Wi-Fi,-27,1430.4,32,16,68,13.62,13.38,13.19,0,43.7
2026-01-30 22:04:27,42.4,1,N/A,Wi-Fi,-27,1422.9,30.7,16.8,69.3,13.33,13.09,13.06,1,43.0
2026-01-30 22:04:39,42.4,1,N/A,Wi-Fi,-27,1288.4,33.1,16.1,66.9,13.41,13.23,12.94,1,42.9
2026-01-30 22:04:51,42.4,1,N/A,Wi-Fi,-27,1240.9,34.7,16.3,65.3,13.17,13.13,12.60,1,43.0
2026-01-30 22:05:03,42.4,1,N/A,Wi-Fi,-28,1351.5,37.1,17.0,62.9,13.42,13.05,12.29,1,43.0
2026-01-30 22:05:15,42.4,1,N/A,Wi-Fi,-28,1242.1,35.9,16.6,64.1,13.15,13.28,12.26,1,42.7
2026-01-30 22:05:27,42.4,1,N/A,Wi-Fi,-27,1076.7,35.7,16.6,64.3,13.81,13.52,12.17,2,42.8
2026-01-30 22:05:39,42.4,1,N/A,Wi-Fi,-27,977.1,38.3,17.6,61.7,13.71,13.50,12.33,1,42.6
2026-01-30 22:05:51,42.4,1,N/A,Wi-Fi,-27,805.9,39.1,17.7,60.9,14.05,13.66,12.15,1,42.6
2026-01-30 22:06:12,42.4,1,N/A,Wi-Fi,-27,786.8,35.9,17.3,64.1,14.01,13.88,12.18,1,42.8
2026-01-30 22:06:24,42.4,1,N/A,Wi-Fi,-27,780.0,33.4,17.3,66.6,14.19,13.67,12.19,2,42.4
2026-01-30 22:06:36,42.4,1,N/A,Wi-Fi,-27,780.0,34.8,18.3,65.2,14.13,13.62,12.17,3,42.6
2026-01-30 22:06:48,42.4,1,N/A,Wi-Fi,-27,780.0,32.9,19.2,67.1,14.42,13.55,11.99,3,42.3
2026-01-30 22:07:00,42.4,1,N/A,Wi-Fi,-27,780.0,32.5,18.2,67.5,13.49,13.71,12.04,3,42.1
2026-01-30 22:07:12,42.4,1,N/A,Wi-Fi,-27,911.4,34.7,17.0,65.3,13.24,13.46,12.00,3,42.2
2026-01-30 22:07:24,42.4,1,N/A,Wi-Fi,-27,962.7,33.2,16.6,66.8,13.09,13.55,11.78,3,42.3
2026-01-30 22:07:36,42.4,1,N/A,Wi-Fi,-27,1027.0,31.8,17.8,68.2,13.14,13.63,11.70,3,42.0
2026-01-30 22:07:48,42.4,1,N/A,Wi-Fi,-27,1099.2,33.4,18.4,66.6,13.45,13.72,11.98,3,41.9
2026-01-30 22:08:00,42.4,1,N/A,Wi-Fi,-28,1038.5,33.1,17.5,66.9,13.12,13.90,12.19,2,42.0
2026-01-30 22:08:12,42.4,1,N/A,Wi-Fi,-28,1006.8,32.9,17.2,67.1,13.31,13.75,12.17,1,42.2
2026-01-30 22:08:24,42.4,1,N/A,Wi-Fi,-28,1153.4,32.4,16.2,67.6,12.88,13.79,12.39,1,42.1
2026-01-30 22:08:36,42.4,1,N/A,Wi-Fi,-28,1118.8,31.5,16.8,68.5,13.22,14.05,12.32,1,42.0
2026-01-30 22:08:48,42.4,1,N/A,Wi-Fi,-28,928.9,32.2,16.8,67.8,13.87,14.27,12.36,1,42.1
2026-01-30 22:09:00,42.4,1,N/A,Wi-Fi,-28,849.1,32.2,15.6,67.8,14.10,14.35,12.12,1,41.9
2026-01-30 22:09:12,42.4,1,N/A,Wi-Fi,-28,780.0,31.5,15.5,68.5,13.74,14.07,12.28,1,42.0
2026-01-30 22:09:24,42.4,1,N/A,Wi-Fi,-28,853.0,33.2,16.0,66.8,14.35,13.86,12.32,1,42.2
2026-01-30 22:09:36,42.4,1,N/A,Wi-Fi,-28,995.8,32.1,15.6,67.9,14.07,13.69,12.61,2,42.1
2026-01-30 22:09:48,42.4,1,N/A,Wi-Fi,-28,1069.9,31.6,16.1,68.4,13.64,13.52,12.53,3,42.2
2026-01-30 22:10:00,42.4,1,N/A,Wi-Fi,-28,889.4,31.6,16.0,68.4,14.29,13.46,12.46,3,42.1
2026-01-30 22:10:12,42.4,1,N/A,Wi-Fi,-28,984.9,33.5,17.0,66.5,14.61,13.61,12.65,3,42.1
2026-01-30 22:10:24,42.4,1,N/A,Wi-Fi,-28,793.1,34.9,16.8,65.1,14.45,13.32,12.72,2,41.9
2026-01-30 22:10:36,42.4,1,N/A,Wi-Fi,-28,986.1,35.6,16.6,64.4,14.34,13.08,12.41,3,41.6
2026-01-30 22:10:48,42.4,1,N/A,Wi-Fi,-27,1027.6,35.0,16.6,65.0,14.80,13.44,12.37,3,41.6
2026-01-30 22:11:00,42.4,1,N/A,Wi-Fi,-28,966.2,33.3,16.3,66.7,14.40,13.25,12.39,3,41.9
2026-01-30 22:11:12,42.4,1,N/A,Wi-Fi,-28,855.4,35.2,16.0,64.8,14.83,13.07,12.34,3,42.1
2026-01-30 22:11:24,42.4,1,N/A,Wi-Fi,-28,866.9,35.3,17.6,64.7,14.28,13.14,12.28,3,42.0
2026-01-30 22:11:36,42.4,1,N/A,Wi-Fi,-28,1039.7,34.8,17.9,65.2,13.96,13.38,12.22,3,41.9
2026-01-30 22:11:48,42.4,1,N/A,Wi-Fi,-28,879.8,33.3,16.9,66.7,14.62,13.16,12.05,3,41.7
2026-01-30 22:12:00,42.4,1,N/A,Wi-Fi,-28,910.1,35.4,15.9,64.6,14.17,13.23,12.10,2,41.7
2026-01-30 22:12:12,42.4,1,N/A,Wi-Fi,-28,780.0,36.0,15.9,64.0,14.09,12.90,12.28,2,41.7
2026-01-30 22:12:24,42.4,1,N/A,Wi-Fi,-28,780.0,36.0,16.7,64.0,14.38,12.80,12.27,1,41.8
2026-01-30 22:12:36,42.4,1,N/A,Wi-Fi,-28,848.2,36.0,16.3,64.0,14.50,12.69,12.06,2,41.5
2026-01-30 22:12:48,42.4,1,N/A,Wi-Fi,-28,1008.0,34.6,16.4,65.4,14.39,12.94,12.39,1,41.4
2026-01-30 22:13:00,42.4,1,N/A,Wi-Fi,-29,1142.5,35.7,16.3,64.3,13.57,13.30,12.32,1,41.3
2026-01-30 22:13:12,42.4,1,N/A,Wi-Fi,-29,1278.3,36.3,15.4,63.7,13.31,13.35,12.30,1,41.1
2026-01-30 22:13:24,42.4,1,N/A,Wi-Fi,-29,1430.6,37.8,16.9,62.2,13.29,13.18,12.29,1,40.8
2026-01-30 22:13:36,42.4,1,N/A,Wi-Fi,-29,1450.0,38.2,16.6,61.8,13.37,13.19,12.47,1,40.8
2026-01-30 22:13:48,42.4,1,N/A,Wi-Fi,-29,1250.0,36.7,17.0,63.3,13.54,13.26,12.68,2,40.7
2026-01-30 22:14:00,42.4,1,N/A,Wi-Fi,-29,1076.8,36.3,16.8,63.7,13.39,12.92,12.66,3,40.6
2026-01-30 22:14:12,42.4,1,N/A,Wi-Fi,-29,1023.5,35.8,16.7,64.2,13.63,13.03,12.52,3,40.7
2026-01-30 22:14:24,42.4,1,N/A,Wi-Fi,-29,883.1,36.5,16.3,63.5,13.75,12.89,12.73,3,40.9
2026-01-30 22:14:36,42.4,1,N/A,Wi-Fi,-29,780.0,37.7,15.7,62.3,13.73,12.95,12.66,2,41.1
2026-01-30 22:14:48,42.4,1,N/A,Wi-Fi,-29,780.0,37.5,15.1,62.5,13.33,12.76,12.45,1,41.1
2026-01-30 22:15:00,42.4,1,N/A,Wi-Fi,-29,919.9,37.4,15.6,62.6,13.20,12.75,12.40,1,41.0
2026-01-30 22:15:12,42.4,1,N/A,Wi-Fi,-29,994.0,35.4,15.2,64.6,12.75,12.98,12.26,1,41.0
2026-01-30 22:15:24,42.4,1,N/A,Wi-Fi,-29,808.7,35.4,15.8,64.6,13.32,13.34,12.31,2,41.3
2026-01-30 22:15:36,42.4,1,N/A,Wi-Fi,-29,970.2,35.8,16.8,64.2,12.71,13.34,12.12,3,41.1
2026-01-30 22:15:48,42.4,1,N/A,Wi-Fi,-29,982.7,33.9,17.4,66.1,13.02,13.43,12.28,3,41.0
2026-01-30 22:16:00,42.4,1,N/A,Wi-Fi,-29,1061.5,33.1,17.4,66.9,13.40,13.58,12.36,3,41.0
2026-01-30 22:16:12,42.4,1,N/A,Wi-Fi,-29,950.5,32.0,16.8,68.0,13.61,13.36,12.51,3,41.1
2026-01-30 22:16:24,42.4,1,N/A,Wi-Fi,-29,1087.8,33.0,18.0,67.0,13.08,13.48,12.42,3,41.3
2026-01-30 22:16:36,42.4,1,N/A,Wi-Fi,-29,1229.7,34.0,17.8,66.0,13.32,13.08,12.30,3,41.1
2026-01-30 22:16:48,42.4,1,N/A,Wi-Fi,-29,1186.9,33.9,16.9,66.1,13.04,13.05,12.15,2,41.3
2026-01-30 22:17:00,42.4,1,N/A,Wi-Fi,-29,1345.1,32.8,17.3,67.2,13.48,13.05,12.09,2,41.1
2026-01-30 22:17:12,42.4,1,N/A,Wi-Fi,-29,1197.3,31.5,16.5,68.5,13.63,13.31,12.07,1,41.3
2026-01-30 22:17:24,42.4,1,N/A,Wi-Fi,-29,1004.5,30.3,17.2,69.7,13.78,13.25,12.13,2,41.3
2026-01-30 22:17:36,42.4,1,N/A,Wi-Fi,-29,1122.8,32.6,16.9,67.4,13.65,13.17,11.99,3,41.0
2026-01-30 22:17:48,42.4,1,N/A,Wi-Fi,-28,1276.4,31.2,16.7,68.8,13.22,13.20,11.90,3,41.2
2026-01-30 22:18:00,42.4,1,N/A,Wi-Fi,-28,1332.8,33.6,16.5,66.4,12.98,12.90,11.96,2,41.2
2026-01-30 22:18:12,42.4,1,N/A,Wi-Fi,-28,1141.3,33.6,17.1,66.4,13.76,13.05,11.91,3,41.5
2026-01-30 22:18:24,42.4,1,N/A,Wi-Fi,-28,1032.3,35.1,16.9,64.9,13.46,12.89,11.89,3,41.6
2026-01-30 22:18:36,42.4,1,N/A,Wi-Fi,-28,1103.0,34.9,17.4,65.1,13.29,13.05,12.03,3,41.3
2026-01-30 22:18:48,42.4,1,N/A,Wi-Fi,-28,1061.1,34.4,17.2,65.6,13.60,12.93,11.89,3,41.1
2026-01-30 22:19:00,42.4,1,N/A,Wi-Fi,-28,1175.1,33.9,16.8,66.1,13.58,12.90,12.25,3,41.1
2026-01-30 22:19:12,42.4,1,N/A,Wi-Fi,-28,1040.2,33.0,17.0,67.0,13.31,13.10,12.20,2,41.2
2026-01-30 22:19:24,42.4,1,N/A,Wi-Fi,-27,855.3,33.1,16.2,66.9,13.54,13.14,12.22,2,40.9
2026-01-30 22:19:36,42.4,1,N/A,Wi-Fi,-27,780.0,33.8,16.0,66.2,13.18,13.13,12.01,2,41.1
2026-01-30 22:19:48,42.4,1,N/A,Wi-Fi,-27,935.8,33.6,16.5,66.4,13.34,13.23,12.30,2,41.2
2026-01-30 22:20:00,42.4,1,N/A,Wi-Fi,-27,871.5,34.0,16.6,66.0,12.94,13.14,12.27,3,40.9
2026-01-30 22:20:12,42.4,1,N/A,Wi-Fi,-27,889.2,32.1,15.6,67.9,13.25,13.08,12.54,2,41.0
2026-01-30 22:20:24,42.4,1,N/A,Wi-Fi,-27,1049.5,32.6,15.8,67.4,13.50,13.10,12.37,3,40.8
2026-01-30 22:20:36,42.4,1,N/A,Wi-Fi,-27,1236.1,35.2,16.4,64.8,13.68,12.97,12.28,2,41.0
2026-01-30 22:20:48,42.4,1,N/A,Wi-Fi,-27,1190.7,33.2,16.4,66.8,14.26,13.29,12.35,1,41.2
2026-01-30 22:21:00,42.4,1,N/A,Wi-Fi,-27,1303.3,34.7,18.0,65.3,14.33,13.19,12.36,1,41.4
2026-01-30 22:21:12,42.4,1,N/A,Wi-Fi,-27,1355.8,35.7,18.1,64.3,13.77,13.35,12.27,1,41.2
2026-01-30 22:21:24,42.4,1,N/A,Wi-Fi,-27,1157.5,34.9,19.0,65.1,14.12,13.55,12.45,2,41.4
2026-01-30 22:21:36,42.4,1,N/A,Wi-Fi,-28,1141.1,36.2,19.2,63.8,13.53,13.38,12.35,3,41.2
2026-01-30 22:21:48,42.4,1,N/A,Wi-Fi,-27,1178.9,37.7,18.0,62.3,13.50,13.43,12.35,2,41.3
2026-01-30 22:22:00,42.4,1,N/A,Wi-Fi,-27,1162.8,39.0,18.6,61.0,13.11,13.55,12.41,1,41.2
2026-01-30 22:22:12,42.4,1,N/A,Wi-Fi,-27,1001.0,38.9,17.9,61.1,12.88,13.26,12.28,1,41.0
2026-01-30 22:22:24,42.4,1,N/A,Wi-Fi,-27,905.1,38.2,18.8,61.8,13.13,13.46,12.16,1,41.0
2026-01-30 22:22:36,42.4,1,N/A,Wi-Fi,-27,1085.7,36.7,18.9,63.3,13.10,13.13,12.26,1,41.0
2026-01-30 22:22:48,42.4,1,N/A,Wi-Fi,-27,1070.1,38.6,17.6,61.4,12.90,13.29,12.17,1,40.8
2026-01-30 22:23:00,42.4,1,N/A,Wi-Fi,-27,1246.3,37.0,18.3,63.0,13.10,13.15,12.20,1,41.1
2026-01-30 22:23:12,42.4,1,N/A,Wi-Fi,-27,1123.4,38.2,18.3,61.8,12.64,13.10,12.11,2,41.3
2026-01-30 22:23:24,42.4,1,N/A,Wi-Fi,-27,1045.4,39.2,18.0,60.8,13.26,13.02,11.95,2,41.1
2026-01-30 22:23:36,42.4,1,N/A,Wi-Fi,-27,1047.7,38.6,18.5,61.4,13.55,13.13,12.22,3,41.2
2026-01-30 22:23:48,42.4,1,N/A,Wi-Fi,-28,882.4,36.5,18.8,63.5,13.64,13.42,12.00,2,41.2
2026-01-30 22:24:00,42.4,1,N/A,Wi-Fi,-28,780.0,37.6,19.1,62.4,13.02,13.38,11.95,3,41.4
2026-01-30 22:24:12,42.4,1,N/A,Wi-Fi,-28,780.0,38.5,18.4,61.5,13.21,13.37,12.18,2,41.2
2026-01-30 22:24:24,42.4,1,N/A,Wi-Fi,-28,893.6,36.3,18.8,63.7,13.17,13.68,12.22,1,41.4
2026-01-30 22:24:36,42.4,1,N/A,Wi-Fi,-28,878.5,36.8,19.3,63.2,13.88,13.73,12.16,2,41.3
2026-01-30 22:24:48,42.4,1,N/A,Wi-Fi,-29,917.2,36.5,18.2,63.5,13.18,14.04,12.13,1,41.4
2026-01-30 22:25:00,42.4,1,N/A,Wi-Fi,-29,780.0,36.5,17.5,63.5,13.21,13.82,11.99,1,41.3
2026-01-30 22:25:12,42.4,1,N/A,Wi-Fi,-29,935.6,35.8,17.1,64.2,13.60,13.72,12.06,2,41.4
2026-01-30 22:25:24,42.4,1,N/A,Wi-Fi,-29,1099.9,35.6,16.4,64.4,14.08,13.79,12.08,2,41.2
2026-01-30 22:25:36,42.4,1,N/A,Wi-Fi,-29,1017.0,35.7,17.6,64.3,13.83,13.84,12.00,1,41.2
2026-01-30 22:25:48,42.4,1,N/A,Wi-Fi,-29,1210.2,36.2,17.7,63.8,14.24,13.55,12.21,2,41.1
2026-01-30 22:26:00,42.4,1,N/A,Wi-Fi,-29,1265.7,34.9,17.0,65.1,13.60,13.10,12.16,2,41.0
2026-01-30 22:26:12,42.4,1,N/A,Wi-Fi,-29,1362.7,34.2,16.2,65.8,14.17,13.36,12.41,1,41.0
2026-01-30 22:26:24,42.4,1,N/A,Wi-Fi,-29,1405.6,33.0,15.7,67.0,14.30,13.37,12.35,1,40.9
2026-01-30 22:26:36,42.4,1,N/A,Wi-Fi,-29,1389.7,32.8,16.0,67.2,14.32,13.03,12.45,2,41.1
2026-01-30 22:26:48,42.4,1,N/A,Wi-Fi,-29,1285.0,32.1,17.2,67.9,14.64,12.88,12.43,1,41.3
2026-01-30 22:27:00,42.4,1,N/A,Wi-Fi,-29,1397.7,32.6,16.4,67.4,13.92,12.80,12.31,1,41.5
2026-01-30 22:27:12,42.4,1,N/A,Wi-Fi,-29,1211.9,33.9,16.5,66.1,14.02,12.80,12.11,1,41.5
2026-01-30 22:27:24,42.4,1,N/A,Wi-Fi,-28,1052.5,35.2,17.2,64.8,14.27,12.69,12.27,1,41.5
2026-01-30 22:27:36,42.4,1,N/A,Wi-Fi,-28,954.9,36.3,16.9,63.7,13.68,12.82,12.46,1,41.6
2026-01-30 22:27:48,42.4,1,N/A,Wi-Fi,-28,1041.3,34.1,17.0,65.9,13.74,12.65,12.53,1,41.9
2026-01-30 22:28:00,42.4,1,N/A,Wi-Fi,-28,1107.6,36.4,16.3,63.6,13.51,12.97,12.32,1,41.6
2026-01-30 22:28:12,42.4,1,N/A,Wi-Fi,-28,1188.9,35.4,17.2,64.6,13.43,13.25,12.22,1,41.3
2026-01-30 22:28:24,42.4,1,N/A,Wi-Fi,-28,1159.0,36.7,17.2,63.3,13.91,13.31,12.12,1,41.2
2026-01-30 22:28:36,42.4,1,N/A,Wi-Fi,-28,976.9,35.5,18.0,64.5,13.83,13.19,12.05,2,41.1
2026-01-30 22:28:48,42.4,1,N/A,Wi-Fi,-28,846.3,36.3,18.8,63.7,14.38,13.19,12.13,2,41.3
2026-01-30 22:29:00,42.4,1,N/A,Wi-Fi,-28,929.0,34.7,18.3,65.3,14.20,13.38,12.09,1,41.2
2026-01-30 22:29:12,42.4,1,N/A,Wi-Fi,-28,964.6,37.4,18.2,62.6,14.53,13.35,12.33,1,41.5
2026-01-30 22:29:24,42.4,1,N/A,Wi-Fi,-28,872.4,36.3,18.1,63.7,14.63,13.14,12.18,2,41.4
2026-01-30 22:29:36,42.4,1,N/A,Wi-Fi,-28,875.0,34.8,18.9,65.2,14.36,12.86,11.90,1,41.2
2026-01-30 22:29:48,42.4,1,N/A,Wi-Fi,-29,962.4,34.9,18.8,65.1,14.54,12.76,11.88,2,41.5
2026-01-30 22:30:00,42.4,1,N/A,Wi-Fi,-29,969.0,36.6,18.7,63.4,14.28,12.97,12.03,1,41.3
2026-01-30 22:30:12,42.4,1,N/A,Wi-Fi,-29,1154.3,37.5,17.9,62.5,14.49,13.12,12.12,2,41.6
2026-01-30 22:30:24,42.4,1,N/A,Wi-Fi,-29,1012.4,36.0,17.3,64.0,14.01,12.74,11.97,3,41.7
2026-01-30 22:30:36,42.4,1,N/A,Wi-Fi,-29,960.8,35.5,17.3,64.5,13.38,12.90,12.17,2,41.5
2026-01-30 22:30:48,42.4,1,N/A,Wi-Fi,-28,938.7,37.0,17.4,63.0,13.34,12.95,12.12,1,41.5
2026-01-30 22:31:00,42.4,1,N/A,Wi-Fi,-28,965.0,36.2,16.9,63.8,13.47,13.03,11.83,1,41.3
2026-01-30 22:31:12,42.4,1,N/A,Wi-Fi,-28,1072.1,34.9,15.9,65.1,13.18,12.90,12.15,1,41.0
2026-01-30 22:31:24,42.4,1,N/A,Wi-Fi,-28,1189.6,35.9,16.9,64.1,12.75,12.87,12.29,1,40.8
2026-01-30 22:31:36,42.4,1,N/A,Wi-Fi,-28,1018.4,34.6,18.1,65.4,13.09,13.18,12.48,1,40.8
2026-01-30 22:31:48,42.4,1,N/A,Wi-Fi,-27,1011.5,33.6,17.8,66.4,13.00,13.05,12.58,1,40.7
2026-01-30 22:32:00,42.4,1,N/A,Wi-Fi,-27,1179.2,33.3,16.6,66.7,13.37,12.96,12.44,1,41.0
2026-01-30 22:32:12,42.4,1,N/A,Wi-Fi,-28,1203.9,32.2,17.4,67.8,13.56,12.72,12.54,1,41.0
2026-01-30 22:32:24,42.4,1,N/A,Wi-Fi,-28,1116.3,32.9,18.2,67.1,13.81,13.06,12.43,1,41.3
2026-01-30 22:32:36,42.4,1,N/A,Wi-Fi,-28,1021.2,31.4,18.7,68.6,13.66,13.22,12.52,1,41.6
2026-01-30 22:32:48,42.4,1,N/A,Wi-Fi,-28,969.4,34.2,18.5,65.8,13.79,13.24,12.45,2,41.6
2026-01-30 22:33:00,42.4,1,N/A,Wi-Fi,-28,1114.2,36.1,18.7,63.9,13.68,13.31,12.55,2,41.2
2026-01-30 22:33:12,42.4,1,N/A,Wi-Fi,-28,1019.3,33.5,18.6,66.5,13.97,13.38,12.33,2,41.0
2026-01-30 22:33:24,42.4,1,N/A,Wi-Fi,-28,889.3,36.4,18.5,63.6,13.78,13.53,12.14,1,40.8
2026-01-30 22:33:36,42.4,1,N/A,Wi-Fi,-28,780.0,36.7,17.6,63.3,13.63,13.36,12.35,1,40.8
2026-01-30 22:33:48,42.4,1,N/A,Wi-Fi,-28,780.0,37.3,17.9,62.7,13.94,13.30,12.31,1,41.0
2026-01-30 22:34:00,42.4,1,N/A,Wi-Fi,-28,780.0,38.4,16.9,61.6,13.64,13.07,11.98,1,41.2
2026-01-30 22:34:12,42.4,1,N/A,Wi-Fi,-28,820.8,35.5,17.5,64.5,13.89,13.46,11.95,1,41.5
2026-01-30 22:34:24,42.4,1,N/A,Wi-Fi,-27,916.6,36.7,18.6,63.3,13.21,13.00,11.86,2,41.1
2026-01-30 22:34:36,42.4,1,N/A,Wi-Fi,-28,780.0,35.3,18.8,64.7,13.37,13.06,11.81,1,41.3
2026-01-30 22:34:48,42.4,1,N/A,Wi-Fi,-28,780.0,35.1,18.3,64.9,13.39,13.40,11.85,1,41.5
2026-01-30 22:35:00,42.4,1,N/A,Wi-Fi,-28,780.0,33.7,17.5,66.3,13.13,13.57,11.82,1,41.6
2026-01-30 22:35:12,42.4,1,N/A,Wi-Fi,-28,780.0,33.4,18.6,66.6,13.31,13.63,11.85,2,41.5
2026-01-30 22:35:24,42.4,1,N/A,Wi-Fi,-29,809.1,34.3,18.0,65.7,13.11,13.62,11.90,2,41.2
2026-01-30 22:35:36,42.4,1,N/A,Wi-Fi,-29,895.5,35.8,17.2,64.2,13.17,13.46,12.13,3,41.2
2026-01-30 22:35:48,42.4,1,N/A,Wi-Fi,-28,1040.3,34.4,16.4,65.6,12.59,13.76,12.02,2,41.1
2026-01-30 22:36:00,42.4,1,N/A,Wi-Fi,-28,1067.1,36.3,17.2,63.7,12.14,13.76,12.01,3,41.4
2026-01-30 22:36:12,42.4,1,N/A,Wi-Fi,-29,993.7,36.5,16.8,63.5,12.38,14.00,12.18,3,41.3
2026-01-30 22:36:24,42.4,1,N/A,Wi-Fi,-29,837.4,37.8,18.3,62.2,12.16,13.93,12.45,3,41.6
2026-01-30 22:36:36,42.4,1,N/A,Wi-Fi,-29,780.0,35.1,18.2,64.9,12.02,13.55,12.60,3,41.7
2026-01-30 22:36:48,42.4,1,N/A,Wi-Fi,-29,780.0,35.6,17.3,64.4,12.12,13.31,12.84,2,41.5
2026-01-30 22:37:00,42.4,1,N/A,Wi-Fi,-29,936.0,37.2,16.7,62.8,12.36,13.15,12.54,3,41.4
2026-01-30 22:37:12,42.4,1,N/A,Wi-Fi,-29,848.9,37.8,15.7,62.2,12.45,13.04,12.64,2,41.3
2026-01-30 22:37:24,42.4,1,N/A,Wi-Fi,-29,841.4,38.1,17.0,61.9,13.26,13.31,12.37,3,41.2
2026-01-30 22:37:36,42.4,1,N/A,Wi-Fi,-29,780.0,38.2,17.5,61.8,13.54,13.31,12.23,2,41.3
2026-01-30 22:37:48,42.4,1,N/A,Wi-Fi,-29,938.1,39.2,18.6,60.8,13.42,13.40,12.29,3,41.5
2026-01-30 22:38:00,42.4,1,N/A,Wi-Fi,-29,962.5,39.1,18.0,60.9,13.36,13.37,12.35,3,41.4
2026-01-30 22:38:12,42.4,1,N/A,Wi-Fi,-29,1119.0,40.0,17.0,60.0,14.11,13.35,12.33,3,41.2
2026-01-30 22:38:24,42.4,1,N/A,Wi-Fi,-29,1090.1,37.1,17.9,62.9,13.97,13.40,12.26,3,41.4
2026-01-30 22:38:36,42.4,1,N/A,Wi-Fi,-29,1211.7,38.8,17.4,61.2,14.12,13.39,12.17,2,41.3
2026-01-30 22:38:48,42.4,1,N/A,Wi-Fi,-29,1317.6,37.9,18.7,62.1,13.83,13.39,12.23,2,41.0
2026-01-30 22:39:00,42.4,1,N/A,Wi-Fi,-29,1247.4,39.3,17.3,60.7,13.74,13.02,12.12,1,41.1
2026-01-30 22:39:12,42.4,1,N/A,Wi-Fi,-28,1248.8,39.2,17.6,60.8,13.80,12.91,11.96,2,40.8
2026-01-30 22:39:24,42.4,1,N/A,Wi-Fi,-28,1360.8,38.3,18.7,61.7,13.63,12.94,11.84,2,41.0
2026-01-30 22:39:36,42.4,1,N/A,Wi-Fi,-29,1348.5,36.2,17.8,63.8,12.96,12.98,12.04,1,41.2
2026-01-30 22:39:48,42.4,1,N/A,Wi-Fi,-29,1352.4,36.7,18.6,63.3,12.95,12.62,11.98,1,41.3
2026-01-30 22:40:00,42.4,1,N/A,Wi-Fi,-28,1350.4,36.3,18.6,63.7,13.18,12.95,12.03,1,41.1
2026-01-30 22:40:12,42.4,1,N/A,Wi-Fi,-28,1247.1,37.5,17.8,62.5,13.32,12.96,12.28,1,41.1
2026-01-30 22:40:24,42.4,1,N/A,Wi-Fi,-28,1285.9,39.0,17.7,61.0,13.92,12.93,12.48,2,40.8
2026-01-30 22:40:36,42.4,1,N/A,Wi-Fi,-28,1278.1,38.1,18.5,61.9,13.98,12.88,12.18,2,40.6
2026-01-30 22:40:48,42.4,1,N/A,Wi-Fi,-28,1249.6,37.4,18.0,62.6,14.32,13.17,12.01,3,40.4
2026-01-30 22:41:00,42.4,1,N/A,Wi-Fi,-28,1112.9,36.2,18.1,63.8,14.19,13.19,12.28,2,40.3
2026-01-30 22:41:12,42.4,1,N/A,Wi-Fi,-27,1091.3,36.2,18.9,63.8,14.60,13.21,12.53,2,40.5
2026-01-30 22:41:24,42.4,1,N/A,Wi-Fi,-27,962.3,35.8,19.9,64.2,14.17,13.25,12.42,1,40.7
2026-01-30 22:41:36,42.4,1,N/A,Wi-Fi,-27,830.3,36.8,20.5,63.2,14.03,12.97,12.30,1,40.7
2026-01-30 22:41:48,42.4,1,N/A,Wi-Fi,-27,1003.0,36.6,20.1,63.4,14.08,12.81,12.57,1,40.8
2026-01-30 22:42:00,42.4,1,N/A,Wi-Fi,-28,896.7,38.8,18.9,61.2,13.76,12.86,12.57,2,40.9
2026-01-30 22:42:12,42.4,1,N/A,Wi-Fi,-28,780.0,37.7,19.4,62.3,13.94,12.65,12.72,1,41.0
2026-01-30 22:42:24,42.4,1,N/A,Wi-Fi,-28,780.0,36.2,19.6,63.8,13.30,12.53,12.40,2,40.7
2026-01-30 22:42:36,42.4,1,N/A,Wi-Fi,-28,855.7,35.5,18.7,64.5,13.24,12.54,12.54,1,40.6
2026-01-30 22:42:48,42.4,1,N/A,Wi-Fi,-27,918.9,36.0,18.7,64.0,13.08,12.43,12.52,1,40.4
2026-01-30 22:43:00,42.4,1,N/A,Wi-Fi,-27,838.2,34.6,17.6,65.4,13.36,12.82,12.65,1,40.4
2026-01-30 22:43:12,42.4,1,N/A,Wi-Fi,-27,780.0,34.4,16.8,65.6,12.63,12.74,12.40,1,40.3
2026-01-30 22:43:24,42.4,1,N/A,Wi-Fi,-27,780.0,32.9,18.3,67.1,13.01,12.94,12.49,1,40.1
2026-01-30 22:43:36,42.4,1,N/A,Wi-Fi,-27,955.6,35.0,18.4,65.0,13.40,13.00,12.33,1,40.4
2026-01-30 22:43:48,42.4,1,N/A,Wi-Fi,-27,809.0,36.8,18.9,63.2,12.94,12.69,12.13,2,40.2
2026-01-30 22:44:00,42.4,1,N/A,Wi-Fi,-27,836.6,38.4,19.0,61.6,13.20,13.01,12.38,2,40.0
2026-01-30 22:44:12,42.4,1,N/A,Wi-Fi,-27,822.2,36.9,19.3,63.1,13.18,13.39,12.38,3,40.1
2026-01-30 22:44:24,42.4,1,N/A,Wi-Fi,-27,780.0,39.1,19.0,60.9,13.03,13.44,12.21,2,40.0
2026-01-30 22:44:36,42.4,1,N/A,Wi-Fi,-27,854.4,39.2,17.8,60.8,13.87,13.17,12.16,3,40.0
2026-01-30 22:44:48,42.4,1,N/A,Wi-Fi,-27,923.8,36.8,17.5,63.2,13.23,12.93,12.12,2,40.1
2026-01-30 22:45:00,42.4,1,N/A,Wi-Fi,-27,1120.2,34.8,17.4,65.2,13.06,13.34,12.08,1,40.1
2026-01-30 22:45:12,42.4,1,N/A,Wi-Fi,-27,1010.3,35.0,17.6,65.0,13.58,13.67,11.84,2,40.1
2026-01-30 22:45:24,42.4,1,N/A,Wi-Fi,-27,1111.1,34.9,18.5,65.1,12.91,13.40,11.73,1,40.0
2026-01-30 22:45:36,42.4,1,N/A,Wi-Fi,-27,1163.7,34.5,18.1,65.5,12.56,13.44,11.62,1,40.1
2026-01-30 22:45:48,42.4,1,N/A,Wi-Fi,-27,1017.6,34.1,18.0,65.9,12.91,13.46,11.78,2,40.2
2026-01-30 22:46:00,42.4,1,N/A,Wi-Fi,-27,1165.5,35.4,17.9,64.6,13.07,13.32,11.94,3,40.2
2026-01-30 22:46:12,42.4,1,N/A,Wi-Fi,-27,1282.1,35.9,17.2,64.1,13.66,13.21,12.14,2,40.4
2026-01-30 22:46:24,42.4,1,N/A,Wi-Fi,-27,1089.8,34.6,16.8,65.4,13.72,13.32,11.99,3,40.7
2026-01-30 22:46:36,42.4,1,N/A,Wi-Fi,-27,1282.2,35.5,17.2,64.5,13.83,13.66,12.07,2,40.7
2026-01-30 22:46:48,42.4,1,N/A,Wi-Fi,-27,1097.8,35.0,17.1,65.0,13.28,13.28,12.21,3,40.6
2026-01-30 22:47:00,42.4,1,N/A,Wi-Fi,-28,913.9,33.1,17.7,66.9,13.21,13.19,12.43,3,40.4
2026-01-30 22:47:12,42.4,1,N/A,Wi-Fi,-28,1098.3,34.1,17.6,65.9,13.61,13.26,12.71,2,40.2
2026-01-30 22:47:24,42.4,1,N/A,Wi-Fi,-28,1087.5,32.3,18.2,67.7,13.83,13.37,12.58,2,40.4
2026-01-30 22:47:36,42.4,1,N/A,Wi-Fi,-27,1274.7,32.3,18.7,67.7,13.86,13.42,12.65,2,40.6
2026-01-30 22:47:48,42.4,1,N/A,Wi-Fi,-28,1152.3,32.1,17.4,67.9,13.86,13.54,12.61,3,40.7
2026-01-30 22:48:00,42.4,1,N/A,Wi-Fi,-28,1311.5,31.1,17.7,68.9,14.48,13.34,12.45,3,40.6
2026-01-30 22:48:12,42.4,1,N/A,Wi-Fi,-28,1301.7,30.7,16.5,69.3,14.56,13.68,12.29,2,40.8
2026-01-30 22:48:24,42.4,1,N/A,Wi-Fi,-28,1450.0,31.2,17.2,68.8,14.55,13.26,12.23,1,41.0
2026-01-30 22:48:36,42.4,1,N/A,Wi-Fi,-28,1450.0,32.3,17.8,67.7,13.93,13.24,12.17,2,41.1
2026-01-30 22:48:48,42.4,1,N/A,Wi-Fi,-27,1450.0,31.6,18.0,68.4,14.11,12.94,12.20,1,41.0
2026-01-30 22:49:00,42.4,1,N/A,Wi-Fi,-27,1435.2,33.2,19.2,66.8,13.32,12.88,11.95,1,41.1
2026-01-30 22:49:12,42.4,1,N/A,Wi-Fi,-28,1236.3,31.9,18.5,68.1,13.53,12.81,11.92,2,41.0
2026-01-30 22:49:24,42.4,1,N/A,Wi-Fi,-27,1250.8,32.0,17.3,68.0,13.28,12.82,12.06,1,41.1
2026-01-30 22:49:36,42.4,1,N/A,Wi-Fi,-27,1301.9,31.6,17.6,68.4,13.13,12.54,12.32,1,41.0
2026-01-30 22:49:48,42.4,1,N/A,Wi-Fi,-27,1431.6,32.8,17.0,67.2,13.02,12.74,12.36,1,41.2
2026-01-30 22:50:00,42.4,1,N/A,Wi-Fi,-27,1449.9,32.2,17.6,67.8,13.82,12.67,12.05,2,41.0
2026-01-30 22:50:12,42.4,1,N/A,Wi-Fi,-27,1450.0,31.7,17.7,68.3,13.79,12.80,12.17,1,41.1
2026-01-30 22:50:24,42.4,1,N/A,Wi-Fi,-27,1450.0,31.5,17.1,68.5,13.60,12.94,12.08,1,41.1
2026-01-30 22:50:36,42.4,1,N/A,Wi-Fi,-27,1271.1,32.3,16.7,67.7,13.37,13.35,11.97,1,41.0
2026-01-30 22:50:48,42.4,1,N/A,Wi-Fi,-27,1425.6,35.0,17.5,65.0,13.55,13.48,12.13,1,41.1
2026-01-30 22:51:00,42.4,1,N/A,Wi-Fi,-27,1450.0,35.2,16.6,64.8,12.90,13.07,12.19,1,41.3
2026-01-30 22:51:12,42.4,1,N/A,Wi-Fi,-27,1423.0,34.2,16.7,65.8,12.62,13.50,12.21,2,41.0
2026-01-30 22:51:24,42.4,1,N/A,Wi-Fi,-27,1315.0,35.8,16.9,64.2,12.31,13.15,11.97,2,41.3
2026-01-30 22:51:36,42.4,1,N/A,Wi-Fi,-27,1444.6,37.1,17.2,62.9,12.00,13.31,11.75,3,41.2
2026-01-30 22:51:48,42.4,1,N/A,Wi-Fi,-27,1450.0,39.3,16.8,60.7,12.25,13.68,11.94,3,41.1
2026-01-30 22:52:00,42.4,1,N/A,Wi-Fi,-27,1450.0,39.2,17.3,60.8,12.57,13.78,11.96,3,40.8
2026-01-30 22:52:12,42.4,1,N/A,Wi-Fi,-27,1450.0,37.1,17.8,62.9,12.67,13.99,12.04,2,40.8
2026-01-30 22:52:24,42.4,1,N/A,Wi-Fi,-27,1364.1,35.6,18.6,64.4,12.79,13.71,11.99,3,40.6
2026-01-30 22:52:36,42.4,1,N/A,Wi-Fi,-27,1197.3,34.9,19.2,65.1,13.01,13.81,12.17,2,40.9
2026-01-30 22:52:48,42.4,1,N/A,Wi-Fi,-27,1328.2,36.7,18.8,63.3,12.89,13.44,12.30,3,40.7
2026-01-30 22:53:00,42.4,1,N/A,Wi-Fi,-27,1295.5,37.1,18.4,62.9,12.45,13.56,12.44,3,40.7
2026-01-30 22:53:12,42.4,1,N/A,Wi-Fi,-27,1450.0,37.7,17.9,62.3,13.28,13.58,12.75,3,40.5
2026-01-30 22:53:24,42.4,1,N/A,Wi-Fi,-28,1417.1,35.7,17.6,64.3,12.83,13.81,12.55,2,40.5
2026-01-30 22:53:36,42.4,1,N/A,Wi-Fi,-28,1419.8,36.0,17.4,64.0,12.98,14.05,12.51,3,40.7
2026-01-30 22:53:48,42.4,1,N/A,Wi-Fi,-28,1450.0,35.1,16.8,64.9,13.44,13.78,12.24,3,41.0
2026-01-30 22:54:00,42.4,1,N/A,Wi-Fi,-28,1309.6,36.4,17.1,63.6,13.82,13.65,12.32,3,41.3
2026-01-30 22:54:12,42.4,1,N/A,Wi-Fi,-28,1418.8,37.8,17.5,62.2,12.98,13.52,12.20,3,41.1
2026-01-30 22:54:24,42.4,1,N/A,Wi-Fi,-28,1412.9,38.8,17.8,61.2,13.16,13.80,12.26,3,41.3
2026-01-30 22:54:36,42.4,1,N/A,Wi-Fi,-28,1292.9,36.2,18.1,63.8,13.26,13.52,11.92,2,41.2
2026-01-30 22:54:48,42.4,1,N/A,Wi-Fi,-28,1213.3,35.6,17.1,64.4,13.54,13.55,11.90,3,41.3
2026-01-30 22:55:00,42.4,1,N/A,Wi-Fi,-28,1269.5,34.8,18.0,65.2,14.12,13.34,12.01,3,41.1
2026-01-30 22:55:12,42.4,1,N/A,Wi-Fi,-28,1417.4,35.2,17.3,64.8,13.73,13.49,11.86,2,41.1
2026-01-30 22:55:24,42.4,1,N/A,Wi-Fi,-28,1450.0,36.9,17.8,63.1,13.73,13.50,11.84,1,40.8
2026-01-30 22:55:36,42.4,1,N/A,Wi-Fi,-28,1441.8,36.0,17.9,64.0,13.52,13.65,11.72,1,40.6
2026-01-30 22:55:48,42.4,1,N/A,Wi-Fi,-28,1450.0,36.0,17.7,64.0,13.39,13.47,11.97,2,40.6
2026-01-30 22:56:00,42.4,1,N/A,Wi-Fi,-28,1450.0,36.2,17.3,63.8,12.75,13.73,12.02,2,40.8
2026-01-30 22:56:12,42.4,1,N/A,Wi-Fi,-28,1450.0,36.6,17.1,63.4,12.67,13.93,12.11,2,40.5
2026-01-30 22:56:24,42.4,1,N/A,Wi-Fi,-28,1450.0,35.3,16.5,64.7,12.84,13.62,12.34,1,40.8
2026-01-30 22:56:36,42.4,1,N/A,Wi-Fi,-29,1420.7,35.2,18.0,64.8,12.97,13.88,12.33,1,40.9
2026-01-30 22:56:48,42.4,1,N/A,Wi-Fi,-29,1421.1,34.3,18.5,65.7,12.74,13.90,12.38,1,40.7
2026-01-30 22:57:00,42.4,1,N/A,Wi-Fi,-29,1262.7,36.1,17.4,63.9,12.66,13.71,12.32,1,40.9
2026-01-30 22:57:12,42.4,1,N/A,Wi-Fi,-29,1174.9,36.7,16.8,63.3,12.15,13.62,12.09,1,40.7
2026-01-30 22:57:24,42.4,1,N/A,Wi-Fi,-29,1071.6,36.4,16.7,63.6,12.41,13.48,12.08,2,40.4
2026-01-30 22:57:36,42.4,1,N/A,Wi-Fi,-29,928.6,37.5,16.7,62.5,12.53,13.70,12.04,1,40.2
2026-01-30 22:57:48,42.4,1,N/A,Wi-Fi,-29,800.7,36.9,16.1,63.1,12.22,13.73,12.19,2,40.5
2026-01-30 22:58:00,42.4,1,N/A,Wi-Fi,-29,792.3,38.9,15.7,61.1,12.93,13.58,12.30,1,40.3
2026-01-30 22:58:12,42.4,1,N/A,Wi-Fi,-29,971.9,36.7,16.2,63.3,13.10,13.18,12.06,1,40.3
2026-01-30 22:58:24,42.4,1,N/A,Wi-Fi,-29,1029.1,38.2,17.2,61.8,12.78,13.16,12.24,1,40.2
2026-01-30 22:58:36,42.4,1,N/A,Wi-Fi,-29,908.7,38.9,17.7,61.1,12.95,12.89,12.05,1,40.2
2026-01-30 22:58:48,42.4,1,N/A,Wi-Fi,-29,857.3,40.0,17.9,60.0,12.94,13.06,12.25,2,40.3
2026-01-30 22:59:00,42.4,1,N/A,Wi-Fi,-29,982.9,40.0,16.7,60.0,13.17,12.87,12.32,3,40.2
2026-01-30 22:59:12,42.4,1,N/A,Wi-Fi,-29,928.6,38.5,16.0,61.5,12.83,12.88,12.54,3,40.6
2026-01-30 22:59:24,42.4,1,N/A,Wi-Fi,-29,854.1,37.7,16.9,62.3,12.92,12.56,12.33,2,40.9
2026-01-30 22:59:36,42.4,1,N/A,Wi-Fi,-29,780.0,38.2,16.1,61.8,12.86,12.42,12.18,1,40.9
2026-01-30 22:59:48,42.4,1,N/A,Wi-Fi,-28,820.9,36.5,16.1,63.5,13.11,12.73,12.00,1,41.0
2026-01-30 23:00:00,42.4,1,N/A,Wi-Fi,-28,883.0,37.2,17.7,62.8,13.46,12.71,12.22,1,40.8
2026-01-30 23:00:12,42.4,1,N/A,Wi-Fi,-29,1026.2,37.3,17.2,62.7,12.96,13.09,12.31,2,40.9
2026-01-30 23:00:24,42.4,1,N/A,Wi-Fi,-29,1006.6,38.8,17.1,61.2,13.36,12.78,11.99,3,40.7
2026-01-30 23:00:36,42.4,1,N/A,Wi-Fi,-29,986.0,37.1,17.9,62.9,12.71,12.75,11.82,3,41.0
2026-01-30 23:00:48,42.4,1,N/A,Wi-Fi,-29,1077.9,37.8,17.1,62.2,12.76,12.47,12.02,2,41.0
2026-01-30 23:01:00,42.4,1,N/A,Wi-Fi,-29,1092.0,38.3,17.2,61.7,13.26,12.52,11.79,2,41.2
2026-01-30 23:01:12,42.4,1,N/A,Wi-Fi,-29,1093.1,38.3,16.0,61.7,13.94,13.05,11.68,2,41.0
2026-01-30 23:01:24,42.4,1,N/A,Wi-Fi,-29,1215.1,37.5,15.6,62.5,13.87,13.23,11.93,1,41.1
2026-01-30 23:01:36,42.4,1,N/A,Wi-Fi,-29,1338.6,35.7,16.5,64.3,14.14,13.09,11.96,1,41.1
2026-01-30 23:01:48,42.4,1,N/A,Wi-Fi,-28,1209.7,35.9,16.5,64.1,13.73,13.05,11.91,1,41.0
2026-01-30 23:02:00,42.4,1,N/A,Wi-Fi,-29,1172.3,35.2,16.4,64.8,13.03,13.03,11.74,1,41.1
2026-01-30 23:02:12,42.4,1,N/A,Wi-Fi,-29,1328.5,34.2,16.0,65.8,13.20,13.25,11.61,1,41.2
2026-01-30 23:02:24,42.4,1,N/A,Wi-Fi,-29,1248.0,33.5,16.4,66.5,13.52,13.47,11.62,1,41.3
2026-01-30 23:02:36,42.4,1,N/A,Wi-Fi,-28,1416.2,32.8,15.5,67.2,13.36,13.64,11.70,1,41.2
2026-01-30 23:02:48,42.4,1,N/A,Wi-Fi,-28,1329.6,32.3,16.3,67.7,13.89,13.76,11.69,2,41.1
2026-01-30 23:03:00,42.4,1,N/A,Wi-Fi,-28,1450.0,34.2,15.3,65.8,14.37,13.57,11.68,1,41.2
2026-01-30 23:03:12,42.4,1,N/A,Wi-Fi,-28,1351.6,34.9,15.4,65.1,13.95,13.71,11.80,1,41.3
2026-01-30 23:03:24,42.4,1,N/A,Wi-Fi,-28,1203.4,35.0,15.2,65.0,14.21,13.67,11.81,2,41.6
2026-01-30 23:03:36,42.4,1,N/A,Wi-Fi,-28,1091.8,33.7,15.3,66.3,14.44,13.49,11.81,3,41.6
2026-01-30 23:03:48,42.4,1,N/A,Wi-Fi,-28,1223.9,35.1,16.6,64.9,14.20,13.33,11.72,3,41.5
2026-01-30 23:04:00,42.4,1,N/A,Wi-Fi,-28,1309.0,34.6,16.4,65.4,14.40,13.49,11.82,3,41.3
2026-01-30 23:04:12,42.4,1,N/A,Wi-Fi,-28,1360.5,34.3,16.0,65.7,14.92,13.44,12.10,2,41.5
2026-01-30 23:04:24,42.4,1,N/A,Wi-Fi,-28,1450.0,34.2,16.6,65.8,14.93,13.12,12.16,3,41.4
2026-01-30 23:04:36,42.4,1,N/A,Wi-Fi,-28,1450.0,32.2,16.6,67.8,14.02,13.50,12.46,2,41.3
2026-01-30 23:04:48,42.4,1,N/A,Wi-Fi,-28,1256.8,31.8,15.8,68.2,14.50,13.74,12.37,2,41.2
2026-01-30 23:05:00,42.4,1,N/A,Wi-Fi,-27,1418.7,31.0,15.6,69.0,14.58,13.70,12.16,2,41.2
2026-01-30 23:05:12,42.4,1,N/A,Wi-Fi,-27,1450.0,32.3,16.3,67.7,14.59,13.90,11.96,3,41.0
2026-01-30 23:05:24,42.4,1,N/A,Wi-Fi,-27,1403.4,31.3,16.6,68.7,14.77,13.66,11.84,3,40.9
2026-01-30 23:05:36,42.4,1,N/A,Wi-Fi,-27,1450.0,31.4,16.9,68.6,14.44,13.52,12.15,3,40.9
2026-01-30 23:05:48,42.4,1,N/A,Wi-Fi,-27,1304.1,33.1,16.5,66.9,13.62,13.60,12.06,2,40.8
2026-01-30 23:06:00,42.4,1,N/A,Wi-Fi,-28,1346.7,35.2,17.2,64.8,13.30,13.55,12.33,3,41.1
2026-01-30 23:06:12,42.4,1,N/A,Wi-Fi,-28,1230.3,33.8,17.3,66.2,13.81,13.31,12.49,3,40.8
2026-01-30 23:06:24,42.4,1,N/A,Wi-Fi,-28,1102.9,35.3,16.6,64.7,13.57,13.51,12.16,2,41.0
2026-01-30 23:06:36,42.4,1,N/A,Wi-Fi,-28,1266.9,34.4,17.2,65.6,13.11,13.34,12.30,2,40.7
2026-01-30 23:06:48,42.4,1,N/A,Wi-Fi,-28,1311.5,32.5,16.9,67.5,12.58,13.29,12.26,2,40.7
2026-01-30 23:07:00,42.4,1,N/A,Wi-Fi,-28,1440.6,34.9,15.7,65.1,12.95,13.43,12.19,2,40.7
2026-01-30 23:07:12,42.4,1,N/A,Wi-Fi,-28,1296.0,34.0,15.9,66.0,12.80,13.55,12.16,3,40.6
2026-01-30 23:07:24,42.4,1,N/A,Wi-Fi,-28,1219.5,33.8,14.9,66.2,12.60,13.65,12.05,3,40.5
2026-01-30 23:07:36,42.4,1,N/A,Wi-Fi,-28,1027.4,34.0,15.9,66.0,12.75,13.52,12.27,3,40.8
2026-01-30 23:07:48,42.4,1,N/A,Wi-Fi,-28,978.0,34.6,15.9,65.4,12.51,13.45,12.35,3,40.6
2026-01-30 23:08:00,42.4,1,N/A,Wi-Fi,-28,926.8,37.0,15.2,63.0,13.28,13.74,12.41,3,40.9
2026-01-30 23:08:12,42.4,1,N/A,Wi-Fi,-28,891.1,38.0,16.5,62.0,13.42,13.47,12.43,2,40.8
2026-01-30 23:08:24,42.4,1,N/A,Wi-Fi,-28,1018.1,39.2,16.5,60.8,13.99,13.27,12.47,3,40.7
2026-01-30 23:08:36,42.4,1,N/A,Wi-Fi,-28,908.3,39.3,16.0,60.7,13.68,13.62,12.38,3,41.0
2026-01-30 23:08:48,42.4,1,N/A,Wi-Fi,-28,780.0,37.7,15.0,62.3,14.14,13.70,12.31,3,41.3
2026-01-30 23:09:00,42.4,1,N/A,Wi-Fi,-28,840.4,38.8,15.0,61.2,14.75,13.73,12.36,3,41.4
2026-01-30 23:09:12,42.4,1,N/A,Wi-Fi,-28,934.6,36.2,15.9,63.8,14.62,13.73,12.09,3,41.7
2026-01-30 23:09:24,42.4,1,N/A,Wi-Fi,-28,828.5,36.0,15.8,64.0,14.37,13.82,12.27,3,41.4
2026-01-30 23:09:36,42.4,1,N/A,Wi-Fi,-28,780.0,37.7,16.0,62.3,13.68,13.36,12.21,3,41.1
2026-01-30 23:09:48,42.4,1,N/A,Wi-Fi,-27,790.6,38.3,16.3,61.7,13.56,13.20,12.31,3,41.0
2026-01-30 23:10:00,42.4,1,N/A,Wi-Fi,-28,824.6,36.0,17.2,64.0,12.85,13.28,12.15,2,41.1
2026-01-30 23:10:12,42.4,1,N/A,Wi-Fi,-27,798.6,34.9,16.3,65.1,13.25,13.10,12.32,1,41.2
2026-01-30 23:10:24,42.4,1,N/A,Wi-Fi,-27,780.0,33.7,16.3,66.3,13.31,13.32,12.34,2,41.0
2026-01-30 23:10:36,42.4,1,N/A,Wi-Fi,-27,877.6,32.9,17.0,67.1,12.68,12.89,12.29,2,41.3
2026-01-30 23:10:48,42.4,1,N/A,Wi-Fi,-27,997.2,32.1,17.1,67.9,13.14,12.77,12.23,3,41.5
2026-01-30 23:11:00,42.4,1,N/A,Wi-Fi,-27,869.3,34.5,16.2,65.5,13.02,13.02,12.23,3,41.4
2026-01-30 23:11:12,42.4,1,N/A,Wi-Fi,-27,1048.5,34.3,15.4,65.7,13.41,13.32,12.14,2,41.5
2026-01-30 23:11:24,42.4,1,N/A,Wi-Fi,-27,1209.2,33.7,15.1,66.3,13.51,13.38,12.27,2,41.6
2026-01-30 23:11:36,42.4,1,N/A,Wi-Fi,-27,1335.3,35.0,15.3,65.0,13.06,13.16,12.46,1,41.4
2026-01-30 23:11:48,42.4,1,N/A,Wi-Fi,-27,1282.8,36.1,15.8,63.9,13.18,13.38,12.33,1,41.3
2026-01-30 23:12:00,42.4,1,N/A,Wi-Fi,-28,1089.3,34.3,16.6,65.7,13.71,13.36,12.24,1,41.0
2026-01-30 23:12:12,42.4,1,N/A,Wi-Fi,-28,1264.9,35.3,17.4,64.7,13.42,13.49,12.47,1,41.2
2026-01-30 23:12:24,42.4,1,N/A,Wi-Fi,-28,1450.0,34.7,18.6,65.3,13.05,13.66,12.24,1,41.0
2026-01-30 23:12:36,42.4,1,N/A,Wi-Fi,-28,1358.8,35.2,18.6,64.8,13.43,13.48,12.07,1,41.2
2026-01-30 23:12:48,42.4,1,N/A,Wi-Fi,-28,1166.0,35.3,18.8,64.7,13.75,13.30,11.90,1,41.2
2026-01-30 23:13:00,42.4,1,N/A,Wi-Fi,-28,1145.6,34.5,17.8,65.5,13.79,13.14,11.86,2,41.1
2026-01-30 23:13:12,42.4,1,N/A,Wi-Fi,-28,1093.3,35.1,17.5,64.9,13.03,13.47,12.09,3,41.4
2026-01-30 23:13:24,42.4,1,N/A,Wi-Fi,-28,969.6,34.3,18.8,65.7,12.77,13.45,12.09,2,41.4
2026-01-30 23:13:36,42.4,1,N/A,Wi-Fi,-28,1090.5,35.9,19.0,64.1,13.22,13.33,12.20,1,41.1
2026-01-30 23:13:48,42.4,1,N/A,Wi-Fi,-28,1273.2,37.2,18.2,62.8,12.97,12.98,12.43,1,41.3
2026-01-30 23:14:00,42.4,1,N/A,Wi-Fi,-28,1382.9,35.6,17.2,64.4,13.24,12.89,12.65,1,41.2
2026-01-30 23:14:12,42.4,1,N/A,Wi-Fi,-28,1255.8,33.9,18.3,66.1,13.05,12.72,12.60,1,41.3
2026-01-30 23:14:24,42.4,1,N/A,Wi-Fi,-28,1204.7,34.4,18.6,65.6,13.26,12.79,12.65,1,41.6
2026-01-30 23:14:36,42.4,1,N/A,Wi-Fi,-28,1079.5,34.3,19.1,65.7,12.92,12.73,12.44,1,41.7
2026-01-30 23:14:48,42.4,1,N/A,Wi-Fi,-28,936.0,34.4,18.8,65.6,13.19,12.70,12.44,1,41.6
2026-01-30 23:15:00,42.4,1,N/A,Wi-Fi,-28,1003.2,35.3,18.4,64.7,12.98,12.58,12.38,1,41.3
2026-01-30 23:15:12,42.4,1,N/A,Wi-Fi,-28,1154.6,33.2,18.9,66.8,12.50,12.31,12.67,1,41.4
2026-01-30 23:15:24,42.4,1,N/A,Wi-Fi,-28,1266.8,33.1,18.4,66.9,12.02,12.77,12.45,2,41.3
2026-01-30 23:15:36,42.4,1,N/A,Wi-Fi,-27,1099.4,34.4,18.2,65.6,12.00,12.55,12.43,2,41.1
2026-01-30 23:15:48,42.4,1,N/A,Wi-Fi,-28,1103.5,33.2,17.0,66.8,12.00,12.57,12.67,1,41.2
2026-01-30 23:16:00,42.4,1,N/A,Wi-Fi,-28,911.9,33.9,16.4,66.1,12.00,12.63,12.67,1,41.4
2026-01-30 23:16:12,42.4,1,N/A,Wi-Fi,-28,801.6,35.9,15.3,64.1,12.00,12.73,12.54,1,41.3
2026-01-30 23:16:24,42.4,1,N/A,Wi-Fi,-27,780.0,36.1,15.8,63.9,12.88,12.61,12.40,1,41.5
2026-01-30 23:16:36,42.4,1,N/A,Wi-Fi,-28,916.9,35.1,16.6,64.9,12.62,13.10,12.49,2,41.5
2026-01-30 23:16:48,42.4,1,N/A,Wi-Fi,-28,820.6,34.3,16.5,65.7,12.82,12.92,12.52,1,41.5
2026-01-30 23:17:00,42.4,1,N/A,Wi-Fi,-27,840.1,34.7,16.9,65.3,13.65,13.06,12.53,1,41.3
2026-01-30 23:17:12,42.4,1,N/A,Wi-Fi,-27,866.3,36.7,17.3,63.3,13.35,12.95,12.28,2,41.4
2026-01-30 23:17:24,42.4,1,N/A,Wi-Fi,-28,780.0,36.7,17.4,63.3,12.88,12.85,12.22,3,41.6
2026-01-30 23:17:36,42.4,1,N/A,Wi-Fi,-27,780.0,36.5,17.5,63.5,13.00,12.69,12.09,3,41.7
2026-01-30 23:17:48,42.4,1,N/A,Wi-Fi,-27,780.0,36.0,17.0,64.0,12.65,12.72,12.09,3,41.4
2026-01-30 23:18:00,42.4,1,N/A,Wi-Fi,-27,780.0,35.2,16.6,64.8,12.78,12.68,12.12,3,41.5
2026-01-30 23:18:12,42.4,1,N/A,Wi-Fi,-27,818.4,36.1,16.9,63.9,13.34,13.12,12.17,2,41.3
2026-01-30 23:18:24,42.4,1,N/A,Wi-Fi,-27,780.0,34.8,17.8,65.2,13.21,12.86,12.16,3,41.2
2026-01-30 23:18:36,42.4,1,N/A,Wi-Fi,-27,873.5,34.9,18.3,65.1,13.31,12.63,12.18,3,41.4
2026-01-30 23:18:48,42.4,1,N/A,Wi-Fi,-27,829.4,32.7,18.2,67.3,13.39,13.06,12.42,3,41.4
2026-01-30 23:19:00,42.4,1,N/A,Wi-Fi,-27,780.0,32.2,18.7,67.8,13.42,13.06,12.43,2,41.1
2026-01-30 23:19:12,42.4,1,N/A,Wi-Fi,-27,866.9,30.6,18.1,69.4,13.61,13.00,12.26,3,40.8
2026-01-30 23:19:24,42.4,1,N/A,Wi-Fi,-27,1035.9,32.2,17.8,67.8,13.21,12.93,12.22,2,40.6
2026-01-30 23:19:36,42.4,1,N/A,Wi-Fi,-27,1129.6,32.2,18.5,67.8,13.14,12.88,12.39,2,40.8
2026-01-30 23:19:48,42.4,1,N/A,Wi-Fi,-27,988.4,35.1,16.9,64.9,13.29,13.01,12.28,2,40.8
2026-01-30 23:20:00,42.4,1,N/A,Wi-Fi,-28,868.8,34.9,17.6,65.1,13.00,12.81,12.17,1,40.8
2026-01-30 23:20:12,42.4,1,N/A,Wi-Fi,-28,780.0,33.9,17.0,66.1,13.45,12.76,12.30,2,40.6
2026-01-30 23:20:24,42.4,1,N/A,Wi-Fi,-27,780.0,36.6,17.5,63.4,13.65,12.92,12.45,3,40.9
2026-01-30 23:20:36,42.4,1,N/A,Wi-Fi,-28,780.0,36.9,17.3,63.1,13.31,13.07,12.31,3,41.1
2026-01-30 23:20:48,42.4,1,N/A,Wi-Fi,-28,887.1,34.8,17.9,65.2,13.69,13.43,12.31,3,41.3
2026-01-30 23:21:00,42.4,1,N/A,Wi-Fi,-27,855.1,33.5,18.0,66.5,13.71,13.03,12.16,2,41.2
2026-01-30 23:21:12,42.4,1,N/A,Wi-Fi,-27,979.8,33.2,18.7,66.8,13.67,13.23,12.13,2,41.3
2026-01-30 23:21:24,42.4,1,N/A,Wi-Fi,-27,940.6,33.9,18.9,66.1,13.52,13.21,11.99,3,41.5
2026-01-30 23:21:36,42.4,1,N/A,Wi-Fi,-27,991.1,34.1,18.5,65.9,13.88,13.24,12.12,3,41.4
2026-01-30 23:21:48,42.4,1,N/A,Wi-Fi,-27,898.9,33.2,17.4,66.8,13.35,12.81,12.34,3,41.5
2026-01-30 23:22:00,42.4,1,N/A,Wi-Fi,-28,981.7,32.6,18.1,67.4,13.33,12.78,12.58,2,41.4
2026-01-30 23:22:12,42.4,1,N/A,Wi-Fi,-28,804.5,35.6,17.9,64.4,14.09,13.15,12.39,2,41.4
2026-01-30 23:22:24,42.4,1,N/A,Wi-Fi,-27,850.3,34.9,17.1,65.1,14.09,13.49,12.19,1,41.2
2026-01-30 23:22:36,42.4,1,N/A,Wi-Fi,-27,911.6,33.4,16.9,66.6,13.40,13.59,12.15,1,41.3
2026-01-30 23:22:48,42.4,1,N/A,Wi-Fi,-27,780.0,33.6,18.1,66.4,14.09,13.63,12.05,1,41.3
2026-01-30 23:23:00,42.4,1,N/A,Wi-Fi,-27,780.0,33.9,18.7,66.1,14.09,13.25,12.17,1,41.4
2026-01-30 23:23:12,42.4,1,N/A,Wi-Fi,-27,883.4,33.7,18.4,66.3,13.81,13.11,12.16,1,41.6
2026-01-30 23:23:24,42.4,1,N/A,Wi-Fi,-27,886.3,32.2,17.6,67.8,13.81,12.75,12.26,1,41.8
2026-01-30 23:23:36,42.4,1,N/A,Wi-Fi,-27,934.6,32.8,18.3,67.2,13.84,12.43,12.25,1,42.0
2026-01-30 23:23:48,42.4,1,N/A,Wi-Fi,-27,807.0,31.5,17.8,68.5,13.86,12.40,12.32,1,41.8
2026-01-30 23:24:00,42.4,1,N/A,Wi-Fi,-27,950.6,32.5,16.8,67.5,13.97,12.70,12.30,2,41.5
2026-01-30 23:24:12,42.4,1,N/A,Wi-Fi,-27,871.2,33.0,16.6,67.0,14.02,12.54,12.17,3,41.6
2026-01-30 23:24:24,42.4,1,N/A,Wi-Fi,-27,780.0,33.9,17.0,66.1,14.42,12.63,12.21,3,41.7
2026-01-30 23:24:36,42.4,1,N/A,Wi-Fi,-28,780.0,35.2,17.1,64.8,14.10,12.45,12.13,2,41.7
2026-01-30 23:24:48,42.4,1,N/A,Wi-Fi,-28,780.0,36.9,16.4,63.1,14.34,12.92,11.89,3,41.8
2026-01-30 23:25:00,42.4,1,N/A,Wi-Fi,-28,923.8,37.1,16.2,62.9,13.47,12.95,11.82,3,42.0
2026-01-30 23:25:12,42.4,1,N/A,Wi-Fi,-28,919.8,36.5,17.3,63.5,13.45,12.79,11.96,2,42.1
2026-01-30 23:25:24,42.4,1,N/A,Wi-Fi,-29,780.0,38.0,17.1,62.0,13.08,12.77,11.85,3,41.9
2026-01-30 23:25:36,42.4,1,N/A,Wi-Fi,-29,780.0,39.5,18.0,60.5,13.22,12.67,12.11,2,41.7
2026-01-30 23:25:48,42.4,1,N/A,Wi-Fi,-29,780.0,39.4,17.3,60.6,12.77,12.68,12.12,1,41.6
2026-01-30 23:26:00,42.4,1,N/A,Wi-Fi,-29,780.0,38.4,17.0,61.6,13.09,12.60,12.07,1,41.3
2026-01-30 23:26:12,42.4,1,N/A,Wi-Fi,-29,780.0,39.6,16.5,60.4,12.73,12.72,11.97,2,41.2
2026-01-30 23:26:24,42.4,1,N/A,Wi-Fi,-29,780.0,39.9,16.9,60.1,12.71,12.60,11.88,2,41.0
2026-01-30 23:26:36,42.4,1,N/A,Wi-Fi,-29,780.0,39.4,16.2,60.6,12.31,13.00,12.06,3,41.2
2026-01-30 23:26:48,42.4,1,N/A,Wi-Fi,-29,780.0,37.2,16.0,62.8,12.95,13.31,12.08,2,40.9
2026-01-30 23:27:00,42.4,1,N/A,Wi-Fi,-29,956.9,36.7,16.9,63.3,13.32,13.21,12.27,1,40.6
2026-01-30 23:27:12,42.4,1,N/A,Wi-Fi,-29,1074.9,37.2,16.3,62.8,13.36,13.36,12.24,1,40.4
2026-01-30 23:27:24,42.4,1,N/A,Wi-Fi,-28,1089.4,35.4,17.2,64.6,12.80,13.75,12.40,1,40.5
2026-01-30 23:27:36,42.4,1,N/A,Wi-Fi,-29,1170.8,34.3,16.3,65.7,13.22,13.84,12.31,1,40.3
2026-01-30 23:27:48,42.4,1,N/A,Wi-Fi,-29,1193.8,33.2,16.6,66.8,13.64,13.88,12.12,2,40.1
2026-01-30 23:28:00,42.4,1,N/A,Wi-Fi,-28,1122.3,35.6,16.0,64.4,13.27,14.10,12.06,3,40.1
2026-01-30 23:28:12,42.4,1,N/A,Wi-Fi,-28,1016.4,34.7,16.5,65.3,13.44,14.12,12.30,2,40.1
2026-01-30 23:28:24,42.4,1,N/A,Wi-Fi,-28,929.3,34.7,15.7,65.3,13.07,13.68,12.40,3,40.3
2026-01-30 23:28:36,42.4,1,N/A,Wi-Fi,-28,951.0,32.9,15.7,67.1,13.20,13.61,12.34,2,40.4
2026-01-30 23:28:48,42.4,1,N/A,Wi-Fi,-28,847.7,34.2,15.9,65.8,13.22,13.69,12.15,2,40.2
2026-01-30 23:29:00,42.4,1,N/A,Wi-Fi,-27,927.9,33.4,17.2,66.6,13.43,13.50,12.35,3,40.2
